<?xml version="1.0" encoding="UTF-8"?>
<!--
  ~ Artifactory is a binaries repository manager.
  ~ Copyright (C) 2012 JFrog Ltd.
  ~
  ~ Artifactory is free software: you can redistribute it and/or modify
  ~ it under the terms of the GNU Lesser General Public License as published by
  ~ the Free Software Foundation, either version 3 of the License, or
  ~ (at your option) any later version.
  ~
  ~ Artifactory is distributed in the hope that it will be useful,
  ~ but WITHOUT ANY WARRANTY; without even the implied warranty of
  ~ MERCHANTABILITY or FITNESS FOR A PARTICULAR PURPOSE.  See the
  ~ GNU Lesser General Public License for more details.
  ~
  ~ You should have received a copy of the GNU Lesser General Public License
  ~ along with Artifactory.  If not, see <http://www.gnu.org/licenses/>.
  -->

<beans xmlns="http://www.springframework.org/schema/beans"
       xmlns:xsi="http://www.w3.org/2001/XMLSchema-instance"
       xmlns:context="http://www.springframework.org/schema/context"
       xsi:schemaLocation="http://www.springframework.org/schema/beans
            http://www.springframework.org/schema/beans/spring-beans-3.0.xsd
            http://www.springframework.org/schema/context
            http://www.springframework.org/schema/context/spring-context-3.0.xsd">

    <!-- Enable configuration by annotations -->
    <context:annotation-config/>
    <context:component-scan base-package="org.artifactory">
        <context:include-filter type="annotation" expression="org.artifactory.spring.Reloadable"/>
        <context:exclude-filter type="regex" expression="org.artifactory.test.*"/>
        <context:exclude-filter type="regex" expression="org.artifactory.storage.db.itest.*"/>
    </context:component-scan>

    <!-- enable the configuration of transactional behavior based on annotations -->
    <bean class="org.springframework.aop.framework.autoproxy.DefaultAdvisorAutoProxyCreator"/>

    <bean class="org.springframework.transaction.interceptor.TransactionAttributeSourceAdvisor">
        <property name="transactionInterceptor" ref="txInterceptor"/>
    </bean>

    <!-- TODO: Why there are 2 Tx Interceptor -->
    <bean id="txInterceptor" class="org.springframework.transaction.interceptor.TransactionInterceptor">
        <property name="transactionManager" ref="artifactoryTransactionManager"/>
        <property name="transactionAttributeSource">
            <bean class="org.springframework.transaction.annotation.AnnotationTransactionAttributeSource">
            </bean>
        </property>
    </bean>

    <bean class="org.artifactory.schedule.aop.AsyncAdvisor"/>
    <bean class="org.artifactory.storage.fs.lock.aop.LockingAdvisor"/>
    <bean class="org.artifactory.request.aop.RequestAdvisor"/>

    <!-- TODO: Why there are 2 Tx Interceptor -->
    <bean id="alwaysOnTxInterceptor"
          class="org.springframework.transaction.interceptor.TransactionInterceptor" lazy-init="true">
        <property name="transactionManager" ref="artifactoryTransactionManager"/>
        <property name="transactionAttributeSource">
            <bean class="org.springframework.transaction.interceptor.MatchAlwaysTransactionAttributeSource"/>
        </property>
    </bean>
</beans>