<?xml version="1.0" encoding="UTF-8"?>
<!--
  ~ Artifactory is a binaries repository manager.
  ~ Copyright (C) 2012 JFrog Ltd.
  ~
  ~ Artifactory is free software: you can redistribute it and/or modify
  ~ it under the terms of the GNU Lesser General Public License as published by
  ~ the Free Software Foundation, either version 3 of the License, or
  ~ (at your option) any later version.
  ~
  ~ Artifactory is distributed in the hope that it will be useful,
  ~ but WITHOUT ANY WARRANTY; without even the implied warranty of
  ~ MERCHANTABILITY or FITNESS FOR A PARTICULAR PURPOSE.  See the
  ~ GNU Lesser General Public License for more details.
  ~
  ~ You should have received a copy of the GNU Lesser General Public License
  ~ along with Artifactory.  If not, see <http://www.gnu.org/licenses/>.
  -->

<beans xmlns="http://www.springframework.org/schema/beans"
       xmlns:xsi="http://www.w3.org/2001/XMLSchema-instance"
       xsi:schemaLocation="
       http://www.springframework.org/schema/beans
       http://www.springframework.org/schema/beans/spring-beans-3.0.xsd">

    <!-- Default storage interceptors list -->
    <bean class="org.artifactory.repo.interceptor.PluginsInterceptor"/>
    <bean class="org.artifactory.repo.interceptor.IntegrationCleanerInterceptor"/>
    <bean class="org.artifactory.repo.interceptor.MavenPomInterceptor"/>
    <bean class="org.artifactory.repo.interceptor.MavenMetadataCalculationInterceptor"/>
    <bean class="org.artifactory.repo.interceptor.ArchiveIndexingInterceptor"/>
    <bean class="org.artifactory.repo.interceptor.AddPropertyAfterMoveOrCopyInterceptor"/>
    <bean class="org.artifactory.repo.interceptor.YumCalculationInterceptor"/>
    <bean class="org.artifactory.repo.interceptor.NuGetCalculationInterceptor"/>
    <bean class="org.artifactory.repo.interceptor.ReplicationEventInterceptor"/>

</beans>