<?xml version="1.0" encoding="UTF-8"?>
<!--
  ~ Artifactory is a binaries repository manager.
  ~ Copyright (C) 2012 JFrog Ltd.
  ~
  ~ Artifactory is free software: you can redistribute it and/or modify
  ~ it under the terms of the GNU Lesser General Public License as published by
  ~ the Free Software Foundation, either version 3 of the License, or
  ~ (at your option) any later version.
  ~
  ~ Artifactory is distributed in the hope that it will be useful,
  ~ but WITHOUT ANY WARRANTY; without even the implied warranty of
  ~ MERCHANTABILITY or FITNESS FOR A PARTICULAR PURPOSE.  See the
  ~ GNU Lesser General Public License for more details.
  ~
  ~ You should have received a copy of the GNU Lesser General Public License
  ~ along with Artifactory.  If not, see <http://www.gnu.org/licenses/>.
  -->

<beans xmlns="http://www.springframework.org/schema/beans"
       xmlns:xsi="http://www.w3.org/2001/XMLSchema-instance"
       xsi:schemaLocation="http://www.springframework.org/schema/beans http://www.springframework.org/schema/beans/spring-beans-3.0.xsd">

    <bean id="scheduler" class="org.artifactory.schedule.ArtifactorySchedulerFactoryBean">
        <property name="quartzProperties">
            <props>
                <prop key="org.quartz.jobStore.class">org.quartz.simpl.RAMJobStore</prop>
            </props>
        </property>
        <property name="taskExecutor" ref="taskExecutor"/>
    </bean>

    <bean id="taskExecutor" class="org.artifactory.schedule.CachedThreadPoolTaskExecutor"/>
</beans>